dataset,geo_level,file_id,checksum,rules_fingerprint,verdict,sheet,checked_at
mapbiomas_cover,indigenous_land,523,3d785cf536155ad00ed7aa386c97c106,5433,pass,COVERAGE_INDIGENOUS_TERRITORIES,2026-08-24
mapbiomas_cover,municipality,254,93f1a95eaf227d3b44e3e75ec30ca6d7,bbe4,pass,COVERAGE_10,2026-08-24
mapbiomas_cover,municipality,521,c021e489bc21a27dc73b6fb7a1701adc,bbe4,fail,,2026-08-24
mapbiomas_cover,municipality,529,98b0e55e9f21c4411e3e252fd978ba7a,bbe4,fail,,2026-08-24
mapbiomas_cover,municipality,535,be491918cdfb468dfbe3d2a578740407,bbe4,fail,,2026-08-24
mapbiomas_deforestation_regeneration,,485,7d220b8c22d49fc71d18cf95049dfec2,840d,pass,DEFORESTATION,2026-08-24
mapbiomas_deforestation_regeneration,,535,be491918cdfb468dfbe3d2a578740407,840d,fail,,2026-08-24
mapbiomas_fire,,177,6c67e0dca2c97d6ce55e795e2af3fd74,5a60,fail,,2026-08-24
mapbiomas_fire,,179,e999cf1d7c74445a162f9c615128a119,5a60,fail,,2026-08-24
mapbiomas_fire,,228,825c8053c09f605f6e93b933823a551b,5a60,fail,,2026-08-24
mapbiomas_fire,,264,90547d52878121200e48b1d0f3be8177,5a60,fail,,2026-08-24
mapbiomas_fire,,270,132c26b0a4c2767e1ffa5e956c5c5872,5a60,fail,,2026-08-24
mapbiomas_fire,,281,701caed0c9084397a7a226df8337bddb,5a60,fail,,2026-08-24
mapbiomas_fire,,295,4248d6c024df1f670e5e3f3e3489fec3,5a60,fail,,2026-08-24
mapbiomas_fire,,297,2c9772c0e8937cc0176ecd2ed4e76827,5a60,fail,,2026-08-24
mapbiomas_fire,,299,c0ee4773502c409e0f0a4502aef47907,5a60,fail,,2026-08-24
mapbiomas_fire,,301,0c76606261231866c702406f44e70413,5a60,fail,,2026-08-24
mapbiomas_fire,,303,9018898d283acc7532c05fa79e85a986,5a60,fail,,2026-08-24
mapbiomas_fire,,322,209452ebd6daf7239b82381cf71c8595,5a60,fail,,2026-08-24
mapbiomas_fire,,324,312aa47cb6c24cb02778d400c4769c9f,5a60,fail,,2026-08-24
mapbiomas_fire,,326,3b540ccb08a8e7fd3dab294d768036ed,5a60,fail,,2026-08-24
mapbiomas_fire,,328,6a127747157a6a442886c6498cf5d944,5a60,fail,,2026-08-24
mapbiomas_fire,,336,bb0207dffc938f947b1e8c242002f7e3,5a60,fail,,2026-08-24
mapbiomas_fire,,338,905f06f7034a1b97912336dfa2dc0075,5a60,fail,,2026-08-24
mapbiomas_fire,,342,2db662f8fd56feccaf5a71a0aebc0ccd,5a60,fail,,2026-08-24
mapbiomas_fire,,348,f359406182e41d6556d8c325ca259f3b,5a60,fail,,2026-08-24
mapbiomas_fire,,349,aeacc400970954e1d1f8763311759aba,5a60,fail,,2026-08-24
mapbiomas_fire,,350,f144534c3876c8508aeee8dd49b12ebc,5a60,fail,,2026-08-24
mapbiomas_fire,,351,eeb9eaaedb381597a9cdcf61ac525e57,5a60,fail,,2026-08-24
mapbiomas_fire,,352,014bb7f582dd9fda22b501a11937b2bc,5a60,fail,,2026-08-24
mapbiomas_fire,,353,5eedb4e2f1d394da88ad9fab7eaec974,5a60,fail,,2026-08-24
mapbiomas_fire,,354,996be0b80fa2912885d5f6a8742e67be,5a60,fail,,2026-08-24
mapbiomas_fire,,355,ad1f04141808dbb4fc5c9db5c11ec144,5a60,fail,,2026-08-24
mapbiomas_fire,,356,5ac7d5683a4cd2762dffa4fdb988bd39,5a60,fail,,2026-08-24
mapbiomas_fire,,357,bc98e6c111e4dc2c4e9fa7c3b64a89cf,5a60,fail,,2026-08-24
mapbiomas_fire,,358,c0df2ee65c2e6108d487e58af1c576bc,5a60,fail,,2026-08-24
mapbiomas_fire,,359,b69ac3e2e999f1df6a00eae9d427a368,5a60,fail,,2026-08-24
mapbiomas_fire,,360,0fa275875c2033390fd823230e7a45cd,5a60,fail,,2026-08-24
mapbiomas_fire,,361,8ab329d7e2b257bfeb0b533cae877ec5,5a60,fail,,2026-08-24
mapbiomas_fire,,362,15b17ab1690df2eb5eb8970ba3b5057e,5a60,fail,,2026-08-24
mapbiomas_fire,,363,1b7c718e41a5800e75603c40b48bd8c6,5a60,fail,,2026-08-24
mapbiomas_fire,,364,3f72211e0131c3d2625a214d3e6939c1,5a60,fail,,2026-08-24
mapbiomas_fire,,365,3326d6ca2511badcc5271a20f7efd94e,5a60,fail,,2026-08-24
mapbiomas_fire,,366,ff9ad4bc272965ec992a54ab115d9391,5a60,fail,,2026-08-24
mapbiomas_fire,,367,3b36564907efa3d71f2dd4a9fbe6731a,5a60,fail,,2026-08-24
mapbiomas_fire,,368,c0225d99e0fc59e579f50a8f3ff7eb97,5a60,fail,,2026-08-24
mapbiomas_fire,,369,027247ef98b4118ec493a899cc699707,5a60,fail,,2026-08-24
mapbiomas_fire,,370,1e4631d7de0a6b515ee1eac0584b5ec7,5a60,fail,,2026-08-24
mapbiomas_fire,,371,9384742bead9621e249640b5ff9b419a,5a60,fail,,2026-08-24
mapbiomas_fire,,372,02eef98f09b6e783662f71f88d43d56a,5a60,fail,,2026-08-24
mapbiomas_fire,,373,a5aecb30ffb9e44a631966979c67c434,5a60,fail,,2026-08-24
mapbiomas_fire,,374,afb97c0f06c6e2af451ec5b083a573b3,5a60,fail,,2026-08-24
mapbiomas_fire,,375,bb3937058bdce1ece698e4f01479bad4,5a60,fail,,2026-08-24
mapbiomas_fire,,376,b4e1d14588ba4cd96b1ac7cc718d4e13,5a60,fail,,2026-08-24
mapbiomas_fire,,377,c98d4ee8d7b5a6eb2aa9384384ff63ac,5a60,fail,,2026-08-24
mapbiomas_fire,,378,34b27d3af64c24966220a97e02672e60,5a60,fail,,2026-08-24
mapbiomas_fire,,379,22dc21f6f1ab39d1ece582ab0033e3b8,5a60,fail,,2026-08-24
mapbiomas_fire,,380,b1b1b5abff6eac471e61d96a63ff08a7,5a60,fail,,2026-08-24
mapbiomas_fire,,381,be7e4070893d122dace9963da1c85644,5a60,fail,,2026-08-24
mapbiomas_fire,,382,10df4ce0b2773fa88731dd31aa38b2e8,5a60,fail,,2026-08-24
mapbiomas_fire,,383,074e4a8ac6b7f836b4123db5a2905abe,5a60,fail,,2026-08-24
mapbiomas_fire,,384,e530c2c2e4179fc0eb37428f6ce3dbc5,5a60,fail,,2026-08-24
mapbiomas_fire,,385,16c7b1dbf18bd35dc15cb836700e4058,5a60,fail,,2026-08-24
mapbiomas_fire,,386,e4717882f5f554d51f2cf2308ff9aa09,5a60,fail,,2026-08-24
mapbiomas_fire,,387,36f3cdfcaaed54b6a59c68f44f743e5a,5a60,fail,,2026-08-24
mapbiomas_fire,,388,621b4ca65d418d97ee6602a67b73466a,5a60,fail,,2026-08-24
mapbiomas_fire,,389,4864f25c5e6049e2f7e2e9e98d077e0a,5a60,fail,,2026-08-24
mapbiomas_fire,,390,86d6161eb3886063cc31a7829e90d65b,5a60,fail,,2026-08-24
mapbiomas_fire,,391,b885dafd192fdfabf5360fed72ecc7c8,5a60,fail,,2026-08-24
mapbiomas_fire,,392,77ce253db271d17759734b89dbac0b01,5a60,fail,,2026-08-24
mapbiomas_fire,,393,fec2beae52c0697e50410fc127dd4349,5a60,fail,,2026-08-24
mapbiomas_fire,,394,9f6d16e27719409bed84dd1a2443fc4a,5a60,fail,,2026-08-24
mapbiomas_fire,,395,8aefffd4c42e7b021a86791d50abde15,5a60,fail,,2026-08-24
mapbiomas_fire,,396,8b0bc4a98f1a793ae083c0370a9e0f8b,5a60,fail,,2026-08-24
mapbiomas_fire,,397,e20bef1cb8d8c7e064c096bd7ada3943,5a60,fail,,2026-08-24
mapbiomas_fire,,398,5e8e1cde4291b736575f1dd9e1070e54,5a60,fail,,2026-08-24
mapbiomas_fire,,399,1723b3563ecbea793d27d9e1e0d80eca,5a60,fail,,2026-08-24
mapbiomas_fire,,400,d7f36565c7fb8b8148b9f9e0f7df8974,5a60,fail,,2026-08-24
mapbiomas_fire,,401,3752536b71eedb38a024c87b47f235e5,5a60,fail,,2026-08-24
mapbiomas_fire,,402,208c2b4010654e8ba063eaefef09b5ea,5a60,fail,,2026-08-24
mapbiomas_fire,,403,d0b36625078a9415ae0f99d7c33ecb44,5a60,fail,,2026-08-24
mapbiomas_fire,,404,920dac63d20ac85211644baac8ad9764,5a60,fail,,2026-08-24
mapbiomas_fire,,405,d4ac5fa590b5c7129927d669b69660d8,5a60,fail,,2026-08-24
mapbiomas_fire,,406,4a4663b5b425cd9b9389dd53388b880b,5a60,fail,,2026-08-24
mapbiomas_fire,,407,7034e78d1e6cc150ee6e273e66432283,5a60,fail,,2026-08-24
mapbiomas_fire,,408,9984db295e7cd8e5a1313a16db11f257,5a60,fail,,2026-08-24
mapbiomas_fire,,409,62056d5dffd2162519a3386df6f0507c,5a60,fail,,2026-08-24
mapbiomas_fire,,410,0719387f9096e1a87236397dbb6c0edc,5a60,fail,,2026-08-24
mapbiomas_fire,,411,457e31eb10a12a7bedcde7716f77d468,5a60,fail,,2026-08-24
mapbiomas_fire,,412,1a203a3fbca47d61851df83eeadf505d,5a60,fail,,2026-08-24
mapbiomas_fire,,413,1d57a1195e8120590618d70931df9c4b,5a60,fail,,2026-08-24
mapbiomas_fire,,414,c379250d114413b66d827c04aab7f636,5a60,fail,,2026-08-24
mapbiomas_fire,,415,2857402acdb9455422f79dcaf3604d5f,5a60,fail,,2026-08-24
mapbiomas_fire,,416,f08d809f16c86715df746fd4d867eef4,5a60,fail,,2026-08-24
mapbiomas_fire,,417,eceb0995b069fc8936504f5e339263c3,5a60,fail,,2026-08-24
mapbiomas_fire,,418,4231cdedd86e6ef1bea50099ef7c5df9,5a60,fail,,2026-08-24
mapbiomas_fire,,419,5020fb7920701ac50f35c7eeafa15535,5a60,fail,,2026-08-24
mapbiomas_fire,,420,01b07db7d573746e2ffe4b12027e8ca9,5a60,fail,,2026-08-24
mapbiomas_fire,,421,1c0bf090017d48b61542a225a6264f53,5a60,fail,,2026-08-24
mapbiomas_fire,,422,c75f0f9da66870754ac2fad6f386f60a,5a60,fail,,2026-08-24
mapbiomas_fire,,423,9bad6dc3f1c870d8ec58c23df3c3af56,5a60,fail,,2026-08-24
mapbiomas_fire,,424,7982e1b0b629743edf8a9a5dd2507663,5a60,fail,,2026-08-24
mapbiomas_fire,,425,51f80f09ba7014045886a1222e7fb130,5a60,fail,,2026-08-24
mapbiomas_fire,,529,98b0e55e9f21c4411e3e252fd978ba7a,5a60,fail,,2026-08-24
mapbiomas_mining,indigenous_land,177,6c67e0dca2c97d6ce55e795e2af3fd74,2361,fail,,2026-08-24
mapbiomas_mining,indigenous_land,179,e999cf1d7c74445a162f9c615128a119,2361,fail,,2026-08-24
mapbiomas_mining,indigenous_land,228,825c8053c09f605f6e93b933823a551b,2361,pass,IL,2026-08-24
mapbiomas_mining,indigenous_land,264,90547d52878121200e48b1d0f3be8177,2361,fail,,2026-08-24
mapbiomas_mining,indigenous_land,270,132c26b0a4c2767e1ffa5e956c5c5872,2361,fail,,2026-08-24
mapbiomas_mining,indigenous_land,281,701caed0c9084397a7a226df8337bddb,2361,fail,,2026-08-24
mapbiomas_mining,indigenous_land,295,4248d6c024df1f670e5e3f3e3489fec3,2361,fail,,2026-08-24
mapbiomas_mining,indigenous_land,297,2c9772c0e8937cc0176ecd2ed4e76827,2361,fail,,2026-08-24
mapbiomas_mining,indigenous_land,299,c0ee4773502c409e0f0a4502aef47907,2361,fail,,2026-08-24
mapbiomas_mining,indigenous_land,301,0c76606261231866c702406f44e70413,2361,fail,,2026-08-24
mapbiomas_mining,indigenous_land,303,9018898d283acc7532c05fa79e85a986,2361,fail,,2026-08-24
mapbiomas_mining,indigenous_land,322,209452ebd6daf7239b82381cf71c8595,2361,fail,,2026-08-24
mapbiomas_mining,indigenous_land,324,312aa47cb6c24cb02778d400c4769c9f,2361,fail,,2026-08-24
mapbiomas_mining,indigenous_land,326,3b540ccb08a8e7fd3dab294d768036ed,2361,fail,,2026-08-24
mapbiomas_mining,indigenous_land,328,6a127747157a6a442886c6498cf5d944,2361,fail,,2026-08-24
mapbiomas_mining,indigenous_land,336,bb0207dffc938f947b1e8c242002f7e3,2361,fail,,2026-08-24
mapbiomas_mining,indigenous_land,338,905f06f7034a1b97912336dfa2dc0075,2361,fail,,2026-08-24
mapbiomas_mining,indigenous_land,342,2db662f8fd56feccaf5a71a0aebc0ccd,2361,fail,,2026-08-24
mapbiomas_mining,indigenous_land,457,dc556233cd78a3c55e8e668b0175f029,2361,fail,,2026-08-24
mapbiomas_mining,indigenous_land,529,98b0e55e9f21c4411e3e252fd978ba7a,2361,fail,,2026-08-24
mapbiomas_mining,municipality,264,90547d52878121200e48b1d0f3be8177,a4a3,fail,,2026-08-24
mapbiomas_mining,municipality,270,132c26b0a4c2767e1ffa5e956c5c5872,a4a3,fail,,2026-08-24
mapbiomas_mining,municipality,281,701caed0c9084397a7a226df8337bddb,a4a3,fail,,2026-08-24
mapbiomas_mining,municipality,295,4248d6c024df1f670e5e3f3e3489fec3,a4a3,fail,,2026-08-24
mapbiomas_mining,municipality,297,2c9772c0e8937cc0176ecd2ed4e76827,a4a3,fail,,2026-08-24
mapbiomas_mining,municipality,299,c0ee4773502c409e0f0a4502aef47907,a4a3,fail,,2026-08-24
mapbiomas_mining,municipality,301,0c76606261231866c702406f44e70413,a4a3,fail,,2026-08-24
mapbiomas_mining,municipality,303,9018898d283acc7532c05fa79e85a986,a4a3,fail,,2026-08-24
mapbiomas_mining,municipality,322,209452ebd6daf7239b82381cf71c8595,a4a3,fail,,2026-08-24
mapbiomas_mining,municipality,324,312aa47cb6c24cb02778d400c4769c9f,a4a3,fail,,2026-08-24
mapbiomas_mining,municipality,326,3b540ccb08a8e7fd3dab294d768036ed,a4a3,fail,,2026-08-24
mapbiomas_mining,municipality,328,6a127747157a6a442886c6498cf5d944,a4a3,fail,,2026-08-24
mapbiomas_mining,municipality,336,bb0207dffc938f947b1e8c242002f7e3,a4a3,pass,CITY_STATE_BIOME,2026-08-24
mapbiomas_mining,municipality,457,dc556233cd78a3c55e8e668b0175f029,a4a3,fail,,2026-08-24
mapbiomas_mining,municipality,529,98b0e55e9f21c4411e3e252fd978ba7a,a4a3,fail,,2026-08-24
mapbiomas_secondary_vegetation,,310,9acd85abf7b2e679385c108528125219,c6ae,pass,SECONDARY_VEGETATION,2026-08-24
mapbiomas_secondary_vegetation,,535,be491918cdfb468dfbe3d2a578740407,c6ae,fail,,2026-08-24
mapbiomas_transition,biome,457,dc556233cd78a3c55e8e668b0175f029,6b56,pass,TRANSITION_10,2026-08-24
mapbiomas_transition,biome,535,be491918cdfb468dfbe3d2a578740407,6b56,fail,,2026-08-24
mapbiomas_water,biome,177,6c67e0dca2c97d6ce55e795e2af3fd74,b51d,fail,,2026-08-24
mapbiomas_water,biome,179,e999cf1d7c74445a162f9c615128a119,b51d,fail,,2026-08-24
mapbiomas_water,biome,214,07fbe8d6fc76c1ff1f7a4ceb1bc37de8,b51d,fail,,2026-08-24
mapbiomas_water,biome,216,90277a9c476b6c963e9afa8e2f1e4f76,b51d,fail,,2026-08-24
mapbiomas_water,biome,218,dbc83349c8465b8bd31b6de9b2fecb37,b51d,fail,,2026-08-24
mapbiomas_water,biome,228,825c8053c09f605f6e93b933823a551b,b51d,fail,,2026-08-24
mapbiomas_water,biome,264,90547d52878121200e48b1d0f3be8177,b51d,fail,,2026-08-24
mapbiomas_water,biome,281,701caed0c9084397a7a226df8337bddb,b51d,fail,,2026-08-24
mapbiomas_water,biome,295,4248d6c024df1f670e5e3f3e3489fec3,b51d,fail,,2026-08-24
mapbiomas_water,biome,297,2c9772c0e8937cc0176ecd2ed4e76827,b51d,fail,,2026-08-24
mapbiomas_water,biome,299,c0ee4773502c409e0f0a4502aef47907,b51d,fail,,2026-08-24
mapbiomas_water,biome,301,0c76606261231866c702406f44e70413,b51d,fail,,2026-08-24
mapbiomas_water,biome,303,9018898d283acc7532c05fa79e85a986,b51d,fail,,2026-08-24
mapbiomas_water,biome,322,209452ebd6daf7239b82381cf71c8595,b51d,fail,,2026-08-24
mapbiomas_water,biome,324,312aa47cb6c24cb02778d400c4769c9f,b51d,fail,,2026-08-24
mapbiomas_water,biome,326,3b540ccb08a8e7fd3dab294d768036ed,b51d,fail,,2026-08-24
mapbiomas_water,biome,328,6a127747157a6a442886c6498cf5d944,b51d,fail,,2026-08-24
mapbiomas_water,biome,336,bb0207dffc938f947b1e8c242002f7e3,b51d,fail,,2026-08-24
mapbiomas_water,biome,338,905f06f7034a1b97912336dfa2dc0075,b51d,fail,,2026-08-24
mapbiomas_water,biome,529,98b0e55e9f21c4411e3e252fd978ba7a,b51d,fail,,2026-08-24
mapbiomas_water,municipality,177,6c67e0dca2c97d6ce55e795e2af3fd74,aeef,fail,,2026-08-24
mapbiomas_water,municipality,179,e999cf1d7c74445a162f9c615128a119,aeef,fail,,2026-08-24
mapbiomas_water,municipality,214,07fbe8d6fc76c1ff1f7a4ceb1bc37de8,aeef,fail,,2026-08-24
mapbiomas_water,municipality,216,90277a9c476b6c963e9afa8e2f1e4f76,aeef,fail,,2026-08-24
mapbiomas_water,municipality,218,dbc83349c8465b8bd31b6de9b2fecb37,aeef,fail,,2026-08-24
mapbiomas_water,municipality,228,825c8053c09f605f6e93b933823a551b,aeef,fail,,2026-08-24
mapbiomas_water,municipality,264,90547d52878121200e48b1d0f3be8177,aeef,fail,,2026-08-24
mapbiomas_water,municipality,281,701caed0c9084397a7a226df8337bddb,aeef,fail,,2026-08-24
mapbiomas_water,municipality,295,4248d6c024df1f670e5e3f3e3489fec3,aeef,fail,,2026-08-24
mapbiomas_water,municipality,297,2c9772c0e8937cc0176ecd2ed4e76827,aeef,fail,,2026-08-24
mapbiomas_water,municipality,299,c0ee4773502c409e0f0a4502aef47907,aeef,fail,,2026-08-24
mapbiomas_water,municipality,301,0c76606261231866c702406f44e70413,aeef,fail,,2026-08-24
mapbiomas_water,municipality,303,9018898d283acc7532c05fa79e85a986,aeef,fail,,2026-08-24
mapbiomas_water,municipality,322,209452ebd6daf7239b82381cf71c8595,aeef,fail,,2026-08-24
mapbiomas_water,municipality,324,312aa47cb6c24cb02778d400c4769c9f,aeef,fail,,2026-08-24
mapbiomas_water,municipality,326,3b540ccb08a8e7fd3dab294d768036ed,aeef,fail,,2026-08-24
mapbiomas_water,municipality,328,6a127747157a6a442886c6498cf5d944,aeef,fail,,2026-08-24
mapbiomas_water,municipality,336,bb0207dffc938f947b1e8c242002f7e3,aeef,fail,,2026-08-24
mapbiomas_water,municipality,338,905f06f7034a1b97912336dfa2dc0075,aeef,fail,,2026-08-24
mapbiomas_water,municipality,529,98b0e55e9f21c4411e3e252fd978ba7a,aeef,fail,,2026-08-24
